Donor ID,Name ,Blood Type,Location ,Email,Contact
20D001,Smith ,A+,Coral Gables,Smith@yahoo.com ,14044422341
20D002,Johnson ,B+,Orlando,Johnson@yahoo.com ,
20D003,Williams ,B-,De Land,Williams@gmail.com,
20D004,Jones ,A+,Miami,Jones@gmail.com,
20D005,Brown ,O-,Miami,Brown@hotmail.com,
20D006,Davis ,O+,Jacksonville,Davis@Bbank.com,
20D007,Miller ,AB+,Fort Lauderdale,Miller@hotmail.com,14042311288
20D008,Wilson ,O-,Fort Myers,Wilson@yahoo.com,
20D009,Moore ,B-,Fort Pierce,Moore@hotmail.com,
20D010,Taylor,AB-,Orlando,Taylor@hotmail.com,
20D011,Anderson ,B+,Gainesville,Anderson@Bbank.com,
20D012,Thomas ,B-,Orlando,Thomas@Bbank.com,
20D013,Jackson ,A+,Hialeah,Jackson@Bbank.com,14044534878
20D014,White ,O-,Orlando,White@Hotmail.com,
20D015,Harris ,O+,Homestead,Harris@gmail.com,
20D016,Martin ,AB+,Jacksonville,Martin@yahoo.com,
20D017,Thompson ,O-,Key West,Thompson@hotmail.com,
20D018,Garcia ,B-,Lake City,Garcia@gmail.com,
20D019,Martinez ,AB-,Lake Wales,Martinez@yahoo.com,
20D020,Clark ,A+,Lakeland,Clark@gmail.com,
20D021,Rodriguez ,O-,Largo,Rodriguez@yahoo.com,
20D022,Lewis ,O+,Melbourne,Lewis@hotmail.com,14046645770
20D023,Lee ,AB+,Miami,Lee@yahoo.com,
20D024,Walker ,O-,Orlando,Walker@yahoo.com,
20D025,Hall ,B-,Naples,Hall@gmail.com,
20D026,Allen ,A+,New Smyrna Beach,Allen@yahoo.com,
20D027,Young ,O-,Miami,Young@gmail.com,14044567310
20D028,Hernandez ,O-,Orlando,Hernandez@yahoo.com,
20D029,Wright ,B-,Miami,Wright@yahoo.com,
20D030,Lopez ,AB-,Palatka,Lopez@yahoo.com,14042345678
20D031,Hill ,A+,Palm Bay,Hill@gmail.com,
20D032,Scott ,O-,Key West,Scott@gmail.com,
20D033,Green ,A+,Lake City,Green@yahoo.com,
20D034,Adams ,B+,Lake Wales,Adams@hotmail.com,
20D035,Baker ,B-,Lakeland,Baker@yahoo.com,14045471287
20D036,Gonzalez ,A+,Orlando,Gonzalez@yahoo.com,
20D037,Nelson ,O-,Naples,Nelson@gmail.com,
20D038,Mitchell,O+,New Smyrna Beach,Mitchell@yahoo.com,
20D039,Perez,AB+,Homestead,Perez@gmail.com,
20D040,Roberts,AB-,Jacksonville,Roberts@yahoo.com,
20D041,Turner,B+,Key West,Turner@hotmail.com,
20D042,Phillips,A-,Lake City,Phillips@yahoo.com,14045467821
20D043,Campbell,B-,Coral Gables,Campbell@gmail.com,
20D044,Parker,A+,De Land,Parker@yahoo.com,
20D045,Evans,AB+,Orlando,Evans@hotmail.com,
20D046,Edwards,O-,Jacksonville,Edwards@gmail.com,
20D047,Brandon,B-,Jacksonville,Brandon@hotmail.com,
20D048,Robinson,A+,Jacksonville,Robinson@gmail.com,14043245678
20D049,Collins,AB+,Lake City,Collins@hotmail.com,
20D050,Karter,O-,Lake City,Karter@gmail.com,
